Set,MSE,MAE,WAcc
Train,0.045834847,0.15383911,0.656687
Val,0.03534787,0.139039,0.65537935
Test,0.072103366,0.20249115,0.6361929
