Set,MSE,MAE,WAcc
Train,0.025015984,0.11237986,0.7166461
Val,0.02040556,0.10395199,0.7185231
Test,0.032266818,0.12895958,0.71772164
