Set,MSE,MAE,WAcc
Train,0.017318273,0.09265519,0.74618345
Val,0.015684163,0.08801492,0.74683934
Test,0.019396162,0.09762488,0.7564373
