Set,MSE,MAE,WAcc
Train,0.039916575,0.1410932,0.68259245
Val,0.03197374,0.12860055,0.6789409
Test,0.05913608,0.177482,0.65339345
