Set,MSE,MAE,WAcc
Train,0.038780477,0.13781671,0.68761337
Val,0.028737344,0.121722884,0.69992083
Test,0.063153796,0.19047993,0.64762884
