Set,MSE,MAE,WAcc
Train,0.020537458,0.09895357,0.742079
Val,0.018107582,0.09376445,0.74363613
Test,0.026822364,0.11502297,0.7417628
