Set,MSE,MAE,WAcc
Train,0.019708876,0.096844025,0.7431203
Val,0.018205902,0.09213723,0.7481349
Test,0.025269097,0.10917869,0.7490914
