Set,MSE,MAE,WAcc
Train,0.041279327,0.14577171,0.67240226
Val,0.035061363,0.13655315,0.6751412
Test,0.06451138,0.1833213,0.66627973
